Hochschulname;TrÃ¤gerschaft;Anzahl Studierende;Ort (Hausanschrift)
Fachhochschule Aachen;oeffentlich-rechtlich;14086;Aachen
Rheinisch-Westfaelische Technische Hochschule Aachen;oeffentlich-rechtlich;45527;Aachen
Hochschule Aalen - Technik und Wirtschaft;oeffentlich-rechtlich;4559;Aalen
Hochschule Albstadt-Sigmaringen;oeffentlich-rechtlich;2666;Sigmaringen
Alanus Hochschule fuer Kunst und Gesellschaft;privat, staatlich anerkannt;1564;Alfter
Ostbayerische Technische Hochschule Amberg-Weiden;oeffentlich-rechtlich;4077;Amberg
Hochschule Anhalt - Anhalt University of Applied Sciences;oeffentlich-rechtlich;7067;Koethen
Hochschule fuer angewandte Wissenschaften Ansbach;oeffentlich-rechtlich;3898;Ansbach
Technische Hochschule Aschaffenburg;oeffentlich-rechtlich;3559;Aschaffenburg
Technische Hochschule Augsburg;oeffentlich-rechtlich;7025;Augsburg
Universitaet Augsburg;oeffentlich-rechtlich;19089;Augsburg
EHIP - Europaeische Hochschule fuer Innovation und Perspektive;privat, staatlich anerkannt;;Backnang
Hochschule fuer Polizei Baden-Wuerttemberg;oeffentlich-rechtlich;2337;Villingen-Schwenningen
Hochschule fuer Rechtspflege Schwetzingen;oeffentlich-rechtlich;716;Schwetzingen
Hochschule fuer oeffentliche Verwaltung und Finanzen Ludwigsburg;oeffentlich-rechtlich;2792;Ludwigsburg
Hochschule fuer oeffentliche Verwaltung Kehl;oeffentlich-rechtlich;1421;Kehl
accadis Hochschule Bad Homburg;privat, staatlich anerkannt;448;Bad Homburg
Internationale Hochschule Liebenzell (IHL);privat, staatlich anerkannt;305;Bad Liebenzell
Otto-Friedrich-Universitaet Bamberg;oeffentlich-rechtlich;10734;Bamberg
Hochschule fuer den oeffentlichen Dienst in Bayern;oeffentlich-rechtlich;4907;Muenchen
Hochschule fuer evangelische Kirchenmusik der Evangelisch-Lutherischen Kirche in Bayern;kirchlich, staatlich anerkannt;26;Bayreuth
Universitaet Bayreuth;oeffentlich-rechtlich;11924;Bayreuth
Akkon-Hochschule;privat, staatlich anerkannt;1406;Berlin
Alice Salomon Hochschule Berlin;oeffentlich-rechtlich;4299;Berlin
bbw Hochschule;privat, staatlich anerkannt;822;Berlin
Bard College Berlin, A Liberal Arts University;privat, staatlich anerkannt;312;Berlin
Berliner Hochschule fuer Technik;oeffentlich-rechtlich;12296;Berlin
Berlin International University of Applied Sciences;privat, staatlich anerkannt;530;Berlin
Barenboim-Said Akademie;privat, staatlich anerkannt;77;Berlin
BSP Business and Law School - Hochschule fuer Management und Recht;privat, staatlich anerkannt;1750;Berlin
CODE University of Applied Sciences;privat, staatlich anerkannt;610;Berlin
Digital Business University of Applied Sciences;privat, staatlich anerkannt;282;Berlin
DHGS Deutsche Hochschule fuer Gesundheit und Sport;privat, staatlich anerkannt;1865;Berlin
ESCP Europe Wirtschaftshochschule Berlin e.V.;privat, staatlich anerkannt;1254;Berlin
ESMT European School of Management and Technology;privat, staatlich anerkannt;820;Berlin
Evangelische Hochschule Berlin;kirchlich, staatlich anerkannt;1696;Berlin
Touro College Berlin;privat, staatlich anerkannt;129;Berlin
Freie Universitaet Berlin;oeffentlich-rechtlich;42090;Berlin
Hertie School;privat, staatlich anerkannt;716;Berlin
Hochschule fuer Musik Hanns Eisler Berlin;oeffentlich-rechtlich;556;Berlin
Hochschule fuer Schauspielkunst Ernst Busch;oeffentlich-rechtlich;222;Berlin
HMKW Hochschule fuer Medien, Kommunikation und Wirtschaft;privat, staatlich anerkannt;2038;Berlin
Hochschule fuer Soziale Arbeit und Paedagogik (HSAP) gemeinnuetzige Betriebsgesellschaft mbH;privat, staatlich anerkannt;561;Berlin
Hochschule fuer Technik und Wirtschaft Berlin;oeffentlich-rechtlich;14523;Berlin
Humboldt-Universitaet zu Berlin;oeffentlich-rechtlich;40144;Berlin
Hochschule fuer Wirtschaft und Recht Berlin;oeffentlich-rechtlich;11454;Berlin
IB Hochschule fuer Gesundheit und Soziales;privat, staatlich anerkannt;512;Berlin
International Psychoanalytic University Berlin;privat, staatlich anerkannt;872;Berlin
Katholische Hochschule fuer Sozialwesen Berlin (KHSB) - Staatlich anerkannte Fachhochschule fuer Sozialwesen;kirchlich, staatlich anerkannt;1219;Berlin
Mediadesign Hochschule fuer Design und Informatik;privat, staatlich anerkannt;751;Berlin
Medical School Berlin - Hochschule fuer Gesundheit und Medizin (MSB);privat, staatlich anerkannt;2840;Berlin
Psychologische Hochschule Berlin (PHB);privat, staatlich anerkannt;731;Berlin
Quadriga Hochschule Berlin;privat, staatlich anerkannt;112;Berlin
SRH Berlin University of Applied Sciences;privat, staatlich anerkannt;2868;Berlin
Technische Universitaet Berlin;oeffentlich-rechtlich;35101;Berlin
Universitaet der Kuenste Berlin;oeffentlich-rechtlich;4191;Berlin
VICTORIA | Internationale Hochschule;privat, staatlich anerkannt;586;Berlin
weiÃensee kunsthochschule berlin;oeffentlich-rechtlich;823;Berlin
Hochschule Biberach - Architektur und Bauwesen, Betriebswirtschaft und Biotechnologie;oeffentlich-rechtlich;2270;Biberach
Fachhochschule der Diakonie - Diaconia - University of Applied Sciences;kirchlich, staatlich anerkannt;754;Bielefeld
Fachhochschule des Mittelstands (FHM);privat, staatlich anerkannt;5550;Bielefeld
Hochschule Bielefeld - University of Applied Sciences and Arts (HSBI);oeffentlich-rechtlich;10538;Bielefeld
Universitaet Bielefeld;oeffentlich-rechtlich;23539;Bielefeld
Technische Hochschule Bingen;oeffentlich-rechtlich;2433;Bingen
EBZ Business School - University of Applied Sciences;privat, staatlich anerkannt;1114;Bochum
Hochschule Bochum - University of Applied Sciences;oeffentlich-rechtlich;7695;Bochum
Hochschule fuer Gesundheit - University of Applied Sciences;oeffentlich-rechtlich;1808;Bochum
Evangelische Hochschule Rheinland-Westfalen-Lippe;kirchlich, staatlich anerkannt;2558;Bochum
Technische Hochschule Georg Agricola;privat, staatlich anerkannt;2316;Bochum
Ruhr-Universitaet Bochum;oeffentlich-rechtlich;38939;Bochum
Hochschule fuer Finanzwirtschaft & Management;privat, staatlich anerkannt;710;Bonn
Hochschule Bonn-Rhein-Sieg, University of Applied Sciences;oeffentlich-rechtlich;9070;Sankt Augustin
Rheinische Friedrich-Wilhelms-Universitaet Bonn;oeffentlich-rechtlich;34630;Bonn
Fachhochschule fuer Finanzen Brandenburg;oeffentlich-rechtlich;978;Koenigs Wusterhausen
Fachhochschule der Polizei Brandenburg;oeffentlich-rechtlich;763;Oranienburg
Technische Hochschule Brandenburg;oeffentlich-rechtlich;2217;Brandenburg
Hochschule fuer Bildende Kuenste Braunschweig;oeffentlich-rechtlich;931;Braunschweig
Technische Universitaet Carolo-Wilhelmina zu Braunschweig;oeffentlich-rechtlich;16155;Braunschweig
Constructor University;privat, staatlich anerkannt;1483;Bremen
APOLLON Hochschule der Gesundheitswirtschaft;privat, staatlich anerkannt;3365;Bremen
Hochschule Bremen;oeffentlich-rechtlich;8672;Bremen
Hochschule fuer Kuenste Bremen;oeffentlich-rechtlich;1011;Bremen
Universitaet Bremen;oeffentlich-rechtlich;18335;Bremen
Hochschule fuer Ãffentliche Verwaltung Bremen;oeffentlich-rechtlich;648;Bremen
Hochschule Bremerhaven;oeffentlich-rechtlich;2816;Bremerhaven
Europaeische Fachhochschule Rhein/Erft, european university of applied sciences;privat, staatlich anerkannt;2180;Bruehl
Hochschule des Bundes fuer oeffentliche Verwaltung;oeffentlich-rechtlich;9195;Bruehl
hochschule 21;privat, staatlich anerkannt;1067;Buxtehude
Technische Universitaet Chemnitz;oeffentlich-rechtlich;8380;Chemnitz
Technische Universitaet Clausthal;oeffentlich-rechtlich;2753;Clausthal-Zellerfeld
Hochschule fuer angewandte Wissenschaften Coburg;oeffentlich-rechtlich;4700;Coburg
Brandenburgische Technische Universitaet Cottbus-Senftenberg;oeffentlich-rechtlich;6587;Cottbus
Evangelische Hochschule Darmstadt (staatlich anerkannt) â Kirchliche Koerperschaft des oeffentlichen Rechts;kirchlich, staatlich anerkannt;1333;Darmstadt
Wilhelm Buechner Hochschule - Private Fernhochschule Darmstadt;privat, staatlich anerkannt;4915;Darmstadt
Hochschule Darmstadt;oeffentlich-rechtlich;15474;Darmstadt
Technische Universitaet Darmstadt;oeffentlich-rechtlich;24008;Darmstadt
Technische Hochschule Deggendorf;oeffentlich-rechtlich;8660;Deggendorf
Hochschule fuer Musik Detmold;oeffentlich-rechtlich;637;Detmold
Fachhochschule Dortmund;oeffentlich-rechtlich;14371;Dortmund
International School of Management;privat, staatlich anerkannt;3444;Dortmund
Technische Universitaet Dortmund;oeffentlich-rechtlich;30013;Dortmund
DIU - Dresden International University GmbH;privat, staatlich anerkannt;1283;Dresden
Evangelische Hochschule Dresden;kirchlich, staatlich anerkannt;839;Dresden
Hochschule fuer Bildende Kuenste Dresden;oeffentlich-rechtlich;555;Dresden
Hochschule fuer Kirchenmusik der Evangelisch-Lutherischen Landeskirche Sachsens;kirchlich, staatlich anerkannt;24;Dresden
Hochschule fuer Musik Carl Maria von Weber Dresden;oeffentlich-rechtlich;692;Dresden
Palucca Hochschule fuer Tanz Dresden;oeffentlich-rechtlich;168;Dresden
Hochschule fuer Technik und Wirtschaft Dresden  - University of Applied Sciences;oeffentlich-rechtlich;4634;Dresden
Fachhochschule Dresden;privat, staatlich anerkannt;539;Dresden
Technische Universitaet Dresden;oeffentlich-rechtlich;28959;Dresden
Universitaet Duisburg-Essen;oeffentlich-rechtlich;38001;Essen
Fliedner Fachhochschule Duesseldorf;privat, staatlich anerkannt;2204;Duesseldorf
Hochschule Duesseldorf;oeffentlich-rechtlich;11172;Duesseldorf
Robert-Schumann-Hochschule Duesseldorf;oeffentlich-rechtlich;837;Duesseldorf
IST-Hochschule fuer Management;privat, staatlich anerkannt;4278;Duesseldorf
Kunstakademie Duesseldorf;oeffentlich-rechtlich;546;Duesseldorf
Heinrich-Heine-Universitaet Duesseldorf;oeffentlich-rechtlich;29218;Duesseldorf
Hochschule fuer Gesundheitsfachberufe Eberswalde;privat, staatlich anerkannt;;Eberswalde
Hochschule fuer nachhaltige Entwicklung Eberswalde;oeffentlich-rechtlich;2297;Eberswalde
Katholische Universitaet Eichstaett - Ingolstadt;kirchlich, staatlich anerkannt;4800;Eichstaett
NORDAKADEMIE Hochschule der Wirtschaft;privat, staatlich anerkannt;2481;Elmshorn
Theologische Hochschule Elstal;kirchlich, staatlich anerkannt;39;Wustermark
Hochschule Emden/Leer;oeffentlich-rechtlich;4264;Emden
Fachhochschule Erfurt;oeffentlich-rechtlich;4063;Erfurt
HMU Health and Medical University;privat, staatlich anerkannt;1433;Erfurt
IU Internationale Hochschule;privat, staatlich anerkannt;116027;Erfurt
Universitaet Erfurt;oeffentlich-rechtlich;5795;Erfurt
Friedrich-Alexander-Universitaet Erlangen-Nuernberg;oeffentlich-rechtlich;38960;Erlangen
FOM Hochschule fuer Oekonomie & Management - University of Applied Sciences;privat, staatlich anerkannt;47191;Essen
Hochschule der bildenden Kuenste (HBK) Essen;privat, staatlich anerkannt;322;Essen
Folkwang Universitaet der Kuenste;oeffentlich-rechtlich;1625;Essen
Hochschule Esslingen;oeffentlich-rechtlich;6594;Esslingen
Theologisches Hochschule Ewersbach;kirchlich, staatlich anerkannt;47;Dietzhoelztal
Hochschule Flensburg;oeffentlich-rechtlich;3355;Flensburg
Europa-Universitaet Flensburg;oeffentlich-rechtlich;5998;Flensburg
Frankfurt University of Applied Sciences;oeffentlich-rechtlich;15297;Frankfurt am Main
Provadis School of International Management and Technology;privat, staatlich anerkannt;870;Frankfurt am Main
Frankfurt School of Finance & Management;privat, staatlich anerkannt;4381;Frankfurt am Main
Hochschule fuer Bildende Kuenste (Staedelschule);oeffentlich-rechtlich;140;Frankfurt am Main
Hochschule fuer Musik und Darstellende Kunst Frankfurt am Main;oeffentlich-rechtlich;971;Frankfurt am Main
Philosophisch-Theologische Hochschule Sankt Georgen Frankfurt am Main;kirchlich, staatlich anerkannt;221;Frankfurt am Main
Tomorrow University of Applied Sciences;privat, staatlich anerkannt;;Frankfurt am Main
Johann Wolfgang Goethe-Universitaet, Frankfurt am Main;oeffentlich-rechtlich;41107;Frankfurt am Main
University of Labour;privat, staatlich anerkannt;17;Frankfurt am Main
Europa-Universitaet Viadrina Frankfurt (Oder);oeffentlich-rechtlich;4230;Frankfurt (Oder)
Technische Universitaet Bergakademie Freiberg;oeffentlich-rechtlich;4199;Freiberg
Evangelische Hochschule Freiburg, staatlich anerkannte Hochschule der Evangelischen Landeskirche in Baden;kirchlich, staatlich anerkannt;898;Freiburg
Hochschule fuer Musik Freiburg im Breisgau;oeffentlich-rechtlich;627;Freiburg
Katholische Hochschule Freiburg, staatlich anerkannte Hochschule - Catholic University of Applied Sciences;kirchlich, staatlich anerkannt;1886;Freiburg
Paedagogische Hochschule Freiburg;oeffentlich-rechtlich;5013;Freiburg
Albert-Ludwigs-Universitaet Freiburg im Breisgau;oeffentlich-rechtlich;24197;Freiburg
Theologische Hochschule Friedensau;kirchlich, staatlich anerkannt;224;Friedensau
Zeppelin Universitaet - Hochschule zwischen Wirtschaft, Kultur und Politik;privat, staatlich anerkannt;667;Friedrichshafen
Hochschule Fulda - University of Applied Sciences;oeffentlich-rechtlich;8963;Fulda
Theologische Fakultaet Fulda;kirchlich, staatlich anerkannt;13;Fulda
SRH Wilhelm Loehe Hochschule;privat, staatlich anerkannt;417;Fuerth
Hochschule Furtwangen - Informatik, Technik, Wirtschaft, Medien, Gesundheit;oeffentlich-rechtlich;4833;Furtwangen
Hochschule Geisenheim;oeffentlich-rechtlich;1723;Geisenheim
Duale Hochschule Gera-Eisenach;oeffentlich-rechtlich;1395;Gera
SRH Hochschule fuer Gesundheit;privat, staatlich anerkannt;1434;Gera
Freie Theologische Hochschule GieÃen;privat, staatlich anerkannt;191;GieÃen
Justus-Liebig-Universitaet GieÃen;oeffentlich-rechtlich;25461;GieÃen
PFH - Private Hochschule Goettingen;privat, staatlich anerkannt;4775;Goettingen
Georg-August-Universitaet Goettingen;oeffentlich-rechtlich;27562;Goettingen
Universitaet Greifswald;oeffentlich-rechtlich;10296;Greifswald
Hochschule der Deutschen Bundesbank;oeffentlich-rechtlich;408;Hachenburg
FernUniversitaet in Hagen;oeffentlich-rechtlich;63326;Hagen
Evangelische Hochschule fuer Kirchenmusik;kirchlich, staatlich anerkannt;59;Halle
Burg Giebichenstein Kunsthochschule Halle;oeffentlich-rechtlich;1194;Halle
Martin-Luther-Universitaet Halle-Wittenberg;oeffentlich-rechtlich;19227;Halle
Norddeutsche Akademie fuer Finanzen und Steuerrecht;oeffentlich-rechtlich;349;Hamburg
Akademie der Polizei Hamburg;oeffentlich-rechtlich;582;Hamburg
Berufliche Hochschule Hamburg (BHH);oeffentlich-rechtlich;219;Hamburg
Bucerius Law School, Hochschule fuer Rechtswissenschaft;privat, staatlich anerkannt;849;Hamburg
Europaeische Fernhochschule Hamburg;privat, staatlich anerkannt;9646;Hamburg
Evangelische Hochschule fuer Soziale Arbeit & Diakonie;kirchlich, staatlich anerkannt;731;Hamburg
Hamburger Fern-Hochschule, gemeinnuetzige GmbH;privat, staatlich anerkannt;14144;Hamburg
Brand University of Applied Sciences;privat, staatlich anerkannt;314;Hamburg
Hochschule fuer Angewandte Wissenschaften Hamburg;oeffentlich-rechtlich;16877;Hamburg
HafenCity Universitaet Hamburg;oeffentlich-rechtlich;2518;Hamburg
Hochschule fuer Bildende Kuenste Hamburg;oeffentlich-rechtlich;976;Hamburg
Hochschule fuer Musik und Theater Hamburg;oeffentlich-rechtlich;1380;Hamburg
HSBA Hamburg School of Business Administration;privat, staatlich anerkannt;928;Hamburg
Kuehne Logistics University - Wissenschaftliche Hochschule fuer Logistik und Unternehmensfuehrung;privat, staatlich anerkannt;309;Hamburg
MSH Medical School Hamburg - University of Applied Sciences and Medical University;privat, staatlich anerkannt;4845;Hamburg
NBS Northern Business School â University of Applied Sciences;privat, staatlich anerkannt;914;Hamburg
Technische Universitaet Hamburg;oeffentlich-rechtlich;7384;Hamburg
Universitaet Hamburg;oeffentlich-rechtlich;41802;Hamburg
Helmut-Schmidt-Universitaet/Universitaet der Bundeswehr Hamburg;oeffentlich-rechtlich;2546;Hamburg
Hochschule Hamm-Lippstadt;oeffentlich-rechtlich;5134;Hamm
Fachhochschule fuer die Wirtschaft Hannover;privat, staatlich anerkannt;569;Hannover
Hochschule Hannover;oeffentlich-rechtlich;8891;Hannover
Hochschule fuer Musik, Theater und Medien Hannover;oeffentlich-rechtlich;1395;Hannover
Leibniz-Fachhochschule;privat, staatlich anerkannt;584;Hannover
Medizinische Hochschule Hannover (MHH);oeffentlich-rechtlich;3923;Hannover
Stiftung Tieraerztliche Hochschule Hannover;oeffentlich-rechtlich;2347;Hannover
Gottfried Wilhelm Leibniz Universitaet Hannover;oeffentlich-rechtlich;27323;Hannover
Hochschule Harz, Hochschule fuer angewandte Wissenschaften (FH);oeffentlich-rechtlich;3017;Wernigerode
SRH Hochschule Heidelberg - Staatlich anerkannte Fachhochschule;privat, staatlich anerkannt;3112;Heidelberg
Hochschule fuer Juedische Studien Heidelberg;privat, staatlich anerkannt;105;Heidelberg
Hochschule fuer Kirchenmusik der Evangelischen Landeskirche in Baden;kirchlich, staatlich anerkannt;44;Heidelberg
Hochschule Fresenius Heidelberg â staatlich anerkannte Hochschule der Hochschule Fresenius fuer Internationales Management GmbH;privat, staatlich anerkannt;672;Heidelberg
Paedagogische Hochschule Heidelberg;oeffentlich-rechtlich;5271;Heidelberg
Ruprecht-Karls-Universitaet Heidelberg;oeffentlich-rechtlich;29534;Heidelberg
Hochschule Heilbronn, Technik, Wirtschaft, Informatik;oeffentlich-rechtlich;7159;Heilbronn
Hochschule fuer Kirchenmusik der Evangelischen Kirche von Westfalen;kirchlich, staatlich anerkannt;46;Herford
Fachhochschule fuer Interkulturelle Theologie Hermannsburg;privat, staatlich anerkannt;78;Hermannsburg
Hessische Hochschule fuer Finanzen und Rechtspflege Rotenburg a.d. Fulda;oeffentlich-rechtlich;2610;Rotenburg
Hessische Hochschule fuer oeffentliches Management und Sicherheit;oeffentlich-rechtlich;4271;Wiesbaden
Universitaet Hildesheim;oeffentlich-rechtlich;7995;Hildesheim
HAWK Hochschule fuer angewandte Wissenschaft und Kunst Hildesheim/Holzminden/Goettingen;oeffentlich-rechtlich;6325;Hildesheim
Hochschule fuer angewandte Wissenschaften Hof;oeffentlich-rechtlich;3822;Hof
Universitaet Hohenheim;oeffentlich-rechtlich;8482;Stuttgart
Hochschule Fresenius;privat, staatlich anerkannt;16028;Idstein
Technische Universitaet Ilmenau;oeffentlich-rechtlich;4452;Ilmenau
Technische Hochschule Ingolstadt;oeffentlich-rechtlich;7537;Ingolstadt
Hochschule fuer angewandtes Management;privat, staatlich anerkannt;3646;Ismaning
Ernst-Abbe-Hochschule Jena - University of Applied Sciences;oeffentlich-rechtlich;4330;Jena
Friedrich-Schiller-Universitaet Jena;oeffentlich-rechtlich;16588;Jena
Hochschule Kaiserslautern (University of Applied Sciences);oeffentlich-rechtlich;5846;Kaiserslautern
Rheinland-Pfaelzische Technische Universitaet Kaiserslautern-Landau;oeffentlich-rechtlich;18520;Kaiserslautern
Staatliche Akademie der Bildenden Kuenste Karlsruhe;oeffentlich-rechtlich;362;Karlsruhe
Hochschule Karlsruhe - Technik und Wirtschaft;oeffentlich-rechtlich;6814;Karlsruhe
Staatliche Hochschule fuer Gestaltung Karlsruhe;oeffentlich-rechtlich;376;Karlsruhe
Hochschule fuer Musik Karlsruhe;oeffentlich-rechtlich;577;Karlsruhe
Karlshochschule International University - staatlich anerkannte Hochschule der Karlshochschule gemeinnuetzige GmbH Karlsruhe;privat, staatlich anerkannt;361;Karlsruhe
Paedagogische Hochschule Karlsruhe;oeffentlich-rechtlich;3552;Karlsruhe
Karlsruher Institut fuer Technologie;oeffentlich-rechtlich;22201;Karlsruhe
CVJM-Hochschule;privat, staatlich anerkannt;458;Kassel
Universitaet Kassel;oeffentlich-rechtlich;21791;Kassel
Hochschule fuer angewandte Wissenschaften Kempten;oeffentlich-rechtlich;4777;Kempten
Fachhochschule Kiel;oeffentlich-rechtlich;7670;Kiel
Muthesius Kunsthochschule;oeffentlich-rechtlich;541;Kiel
Christian-Albrechts-Universitaet zu Kiel;oeffentlich-rechtlich;25940;Kiel
Hochschule Koblenz;oeffentlich-rechtlich;8992;Koblenz
Hochschule fuer Gesellschaftsgestaltung;privat, staatlich anerkannt;126;Koblenz
Universitaet Koblenz;oeffentlich-rechtlich;9485;Koblenz
CBS International Business School - University of Applied Sciences;privat, staatlich anerkannt;2475;Koeln
Deutsche Sporthochschule Koeln;oeffentlich-rechtlich;6098;Koeln
Hochschule fuer Musik und Tanz Koeln;oeffentlich-rechtlich;1398;Koeln
INU - Innovative University of Applied Sciences;privat, staatlich anerkannt;;Koeln
Koelner Hochschule fuer Katholische Theologie (KHKT);kirchlich, staatlich anerkannt;85;Koeln
Kolping Hochschule;privat, staatlich anerkannt;19;Koeln
Kunsthochschule fuer Medien Koeln;oeffentlich-rechtlich;413;Koeln
Rheinische Hochschule Koeln;privat, staatlich anerkannt;5817;Koeln
Technische Hochschule Koeln;oeffentlich-rechtlich;24294;Koeln
Universitaet zu Koeln;oeffentlich-rechtlich;48063;Koeln
Allensbach Hochschule Konstanz,  staatlich anerkannte Hochschule der European Education Group GmbH;privat, staatlich anerkannt;640;Konstanz
Hochschule Konstanz Technik, Wirtschaft und Gestaltung;oeffentlich-rechtlich;4360;Konstanz
Universitaet Konstanz;oeffentlich-rechtlich;10472;Konstanz
Hochschule Landshut - Hochschule fuer angewandte Wissenschaften;oeffentlich-rechtlich;4674;Landshut
Hochschule fuer Grafik und Buchkunst Leipzig;oeffentlich-rechtlich;589;Leipzig
HHL Leipzig Graduate School of Management;privat, staatlich anerkannt;739;Leipzig
Hochschule fuer Musik und Theater Felix Mendelssohn Bartholdy Leipzig;oeffentlich-rechtlich;1129;Leipzig
Hochschule fuer Technik, Wirtschaft und Kultur Leipzig;oeffentlich-rechtlich;6843;Leipzig
Universitaet Leipzig;oeffentlich-rechtlich;29582;Leipzig
Musikhochschule Luebeck;oeffentlich-rechtlich;416;Luebeck
Technische Hochschule Luebeck;oeffentlich-rechtlich;5138;Luebeck
Universitaet zu Luebeck;oeffentlich-rechtlich;5958;Luebeck
Evangelische Hochschule Ludwigsburg, Hochschule fuer Soziale ;;;
Hochschule fuer Wirtschaft und Gesellschaft Ludwigshafen ;oeffentlich-rechtlich;4400;Ludwigshafen
Leuphana Universitaet Lueneburg;oeffentlich-rechtlich;9268;Lueneburg
Steinbeis Hochschule;privat, staatlich anerkannt;4626;Magdeburg
Hochschule Magdeburg-Stendal;oeffentlich-rechtlich;5258;Magdeburg
Otto-von-Guericke-Universitaet Magdeburg;oeffentlich-rechtlich;12490;Magdeburg
Hochschule Mainz;oeffentlich-rechtlich;5621;Mainz
Katholische Hochschule Mainz Catholic University of Applied Sciences;kirchlich, staatlich anerkannt;1543;Mainz
Johannes Gutenberg-Universitaet Mainz;oeffentlich-rechtlich;29617;Mainz
Hochschule Mannheim;oeffentlich-rechtlich;5034;Mannheim
Hochschule der Bundesagentur fuer Arbeit - Staatlich anerkannte Hochschule fuer angewandte Wissenschaft in Mannheim und Schwerin (University of Applied Labour Studies of the Federal Employment Agency);oeffentlich-rechtlich;1514;Mannheim
Hochschule der Wirtschaft fuer Management;privat, staatlich anerkannt;290;Mannheim
Staatliche Hochschule fuer Musik und Darstellende Kunst Mannheim;oeffentlich-rechtlich;575;Mannheim
Universitaet Mannheim;oeffentlich-rechtlich;11397;Mannheim
Evangelische Hochschule Tabor;privat, staatlich anerkannt;165;Marburg
Archivschule Marburg - Hochschule fuer Archivwissenschaft;oeffentlich-rechtlich;73;Marburg
Philipps-Universitaet Marburg;oeffentlich-rechtlich;21237;Marburg
Fachhochschule fuer oeffentliche Verwaltung, Polizei und Rechtspflege des Landes Mecklenburg-Vorpommern;oeffentlich-rechtlich;669;Guestrow
Hochschule Merseburg;oeffentlich-rechtlich;2953;Merseburg
Technische Hochschule Mittelhessen - THM;oeffentlich-rechtlich;16795;GieÃen
Hochschule Mittweida, University of Applied Sciences;oeffentlich-rechtlich;6079;Mittweida
Akademie der Bildenden Kuenste Muenchen;oeffentlich-rechtlich;754;Muenchen
Hochschule fuer angewandte Wissenschaften Muenchen;oeffentlich-rechtlich;18062;Muenchen
Hochschule der Bayerischen Wirtschaft fuer angewandte Wissenschaften - HDBW;privat, staatlich anerkannt;469;Muenchen
Hochschule fuer Fernsehen und Film Muenchen;oeffentlich-rechtlich;398;Muenchen
Hochschule fuer Musik und Theater Muenchen;oeffentlich-rechtlich;1182;Muenchen
Hochschule fuer Philosophie;kirchlich, staatlich anerkannt;419;Muenchen
Internationale Hochschule SDI Muenchen - Hochschule fuer angewandte Wissenschaften;privat, staatlich anerkannt;286;Muenchen
Katholische    Stiftungshochschule fuer   angewandte Wissenschaften Muenchen - Hochschule der Kirchlichen Stiftung des oeffentlichen Rechts Katholische Bildungsstaetten fuer Sozialberufe in Bayern;kirchlich, staatlich anerkannt;2401;Muenchen
Munich Business School - Staatlich anerkannte private Fachhochschule;privat, staatlich anerkannt;613;Muenchen
Technische Universitaet Muenchen;oeffentlich-rechtlich;54575;Muenchen
Ludwig-Maximilians-Universitaet Muenchen;oeffentlich-rechtlich;52086;Muenchen
Universitaet der Bundeswehr Muenchen;oeffentlich-rechtlich;3456;Neubiberg
FH Muenster University of Applied Sciences;oeffentlich-rechtlich;15184;Muenster
Kunstakademie Muenster, Hochschule fuer Bildende Kuenste;oeffentlich-rechtlich;375;Muenster
Philosophisch-Theologische Hochschule Muenster - Kirchlich und staatlich anerkannte Hochschule in Traegerschaft der PTH Philosophisch-Theologische Hochschule Muenster gemeinnuetzige GmbH;kirchlich, staatlich anerkannt;7;Muenster
Universitaet Muenster;oeffentlich-rechtlich;42458;Muenster
Hochschule Neubrandenburg - University of Applied Sciences;oeffentlich-rechtlich;2082;Neubrandenburg
Augustana-Hochschule Neuendettelsau;kirchlich, staatlich anerkannt;97;Neuendettelsau
Medizinische Hochschule Brandenburg Theodor Fontane;privat, staatlich anerkannt;819;Neuruppin
Hochschule fuer angewandte Wissenschaften Neu-Ulm;oeffentlich-rechtlich;4077;Neu-Ulm
Hochschule Niederrhein;oeffentlich-rechtlich;13179;Krefeld
Norddeutsche Hochschule fuer Rechtspflege - Niedersachsen;oeffentlich-rechtlich;404;Hildesheim
Kommunale Hochschule fuer Verwaltung in Niedersachsen;oeffentlich-rechtlich;1561;Hannover
Polizeiakademie Niedersachsen;oeffentlich-rechtlich;;Nienburg
Steuerakademie Niedersachsen;oeffentlich-rechtlich;;Bad Eilsen
Hochschule Nordhausen;oeffentlich-rechtlich;2035;Nordhausen
DIPLOMA Hochschule - Private Fachhochschule Nordhessen;privat, staatlich anerkannt;7775;Bad Sooden-Allendorf
Deutsche Hochschule der Polizei;oeffentlich-rechtlich;434;Muenster
Fachhochschule fuer Rechtspflege Nordrhein-Westfalen;oeffentlich-rechtlich;887;Bad Muenstereifel
Hochschule fuer Finanzen NRW;oeffentlich-rechtlich;2795;Nordkirchen
Hochschule fuer Polizei und oeffentliche Verwaltung Nordrhein-Westfalen;oeffentlich-rechtlich;13078;Gelsenkirchen
Katholische Hochschule Nordrhein-Westfalen - Catholic University of Applied Sciences;kirchlich, staatlich anerkannt;5440;Koeln
SRH Hochschule in Nordrhein-Westfalen;privat, staatlich anerkannt;740;Hamm
Akademie der Bildenden Kuenste Nuernberg;oeffentlich-rechtlich;310;Nuernberg
Evangelische Hochschule fuer angewandte Wissenschaften - Evangelische Fachhochschule Nuernberg;kirchlich, staatlich anerkannt;1211;Nuernberg
Hochschule fuer Musik Nuernberg;oeffentlich-rechtlich;333;Nuernberg
Technische Hochschule Nuernberg Georg Simon Ohm;oeffentlich-rechtlich;12355;Nuernberg
Technische Universitaet Nuernberg;oeffentlich-rechtlich;18;Nuernberg
Hochschule fuer Wirtschaft und Umwelt Nuertingen-Geislingen;oeffentlich-rechtlich;5066;Nuertingen
Lutherische Theologische Hochschule Oberursel;kirchlich, staatlich anerkannt;17;Oberursel
Hochschule fuer Gestaltung Offenbach;oeffentlich-rechtlich;795;Offenbach
Hochschule fuer Technik, Wirtschaft und Medien Offenburg;oeffentlich-rechtlich;3761;Offenburg
Carl von Ossietzky Universitaet Oldenburg;oeffentlich-rechtlich;15335;Oldenburg
Hochschule Osnabrueck;oeffentlich-rechtlich;13317;Osnabrueck
Universitaet Osnabrueck;oeffentlich-rechtlich;13487;Osnabrueck
Hochschule Braunschweig/Wolfenbuettel, Ostfalia Hochschule fuer angewandte Wissenschaften;oeffentlich-rechtlich;10775;Wolfenbuettel
Technische Hochschule Ostwestfalen-Lippe;oeffentlich-rechtlich;5960;Lemgo
Hochschule fuer Kuenste im Sozialen, Ottersberg;privat, staatlich anerkannt;325;Ottersberg
Fachhochschule der Wirtschaft;privat, staatlich anerkannt;2021;Paderborn
Theologische Fakultaet Paderborn;kirchlich, staatlich anerkannt;60;Paderborn
Universitaet Paderborn;oeffentlich-rechtlich;17228;Paderborn
Universitaet Passau;oeffentlich-rechtlich;10881;Passau
Hochschule Pforzheim - Gestaltung, Technik, Wirtschaft und Recht;oeffentlich-rechtlich;5659;Pforzheim
Filmuniversitaet Babelsberg Konrad Wolf;oeffentlich-rechtlich;947;Potsdam
Hochschule Clara Hoffbauer (HCHP) - University of Applied Sciences;privat, staatlich anerkannt;119;Potsdam
Fachhochschule Potsdam;oeffentlich-rechtlich;3730;Potsdam
Fachhochschule fuer Sport und Management Potsdam;privat, staatlich anerkannt;553;Potsdam
Gisma University of Applied Sciences;privat, staatlich anerkannt;834;Potsdam
GU Deutsche Hochschule fuer Angewandte Wissenschaften - German University of Applied Sciences;privat, staatlich anerkannt;50;Potsdam
HSD Hochschule Doepfer;privat, staatlich anerkannt;1405;Potsdam
Universitaet Potsdam;oeffentlich-rechtlich;20401;Potsdam
University of Europe for Applied Sciences;privat, staatlich anerkannt;4787;Potsdam
XU Exponential University of Applied Sciences;privat, staatlich anerkannt;176;Potsdam
Hochschule Ravensburg-Weingarten;oeffentlich-rechtlich;3448;Weingarten
Hochschule fuer Katholische Kirchenmusik und Musikpaedagogik;kirchlich, staatlich anerkannt;121;Regensburg
Ostbayerische Technische Hochschule Regensburg;oeffentlich-rechtlich;10704;Regensburg
Universitaet Regensburg;oeffentlich-rechtlich;20353;Regensburg
Hochschule Reutlingen, Hochschule fuer Technik-  Wirtschaft-Informatik-Design;oeffentlich-rechtlich;4933;Reutlingen
Theologische Hochschule Reutlingen - staatlich anerkannte Fachhochschule der Evangelisch-methodistischen Kirche;kirchlich, staatlich anerkannt;105;Reutlingen
Hochschule fuer Finanzen Rheinland-Pfalz;oeffentlich-rechtlich;666;Edenkoben
Hochschule der Polizei Rheinland-Pfalz;oeffentlich-rechtlich;1511;Buechenbeuren
Hochschule fuer oeffentliche Verwaltung Rheinland-Pfalz;oeffentlich-rechtlich;912;Mayen
Hochschule RheinMain;oeffentlich-rechtlich;12945;Wiesbaden
Hochschule Rhein-Waal - University of Applied Sciences;oeffentlich-rechtlich;6465;Kleve
SRH Fernhochschule - The Mobile University;privat, staatlich anerkannt;8746;Riedlingen
Technische Hochschule Rosenheim;oeffentlich-rechtlich;6648;Rosenheim
Hochschule fuer Musik und Theater Rostock;oeffentlich-rechtlich;567;Rostock
Universitaet Rostock;oeffentlich-rechtlich;12678;Rostock
Hochschule fuer Forstwirtschaft Rottenburg;oeffentlich-rechtlich;941;Rottenburg
Hochschule fuer Kirchenmusik der Dioezese Rottenburg-Stuttgart;kirchlich, staatlich anerkannt;19;Rottenburg
Hochschule Ruhr West- University of Applied Sciences;oeffentlich-rechtlich;5999;Muelheim
Deutsche Hochschule fuer Praevention und Gesundheitsmanagement GmbH;privat, staatlich anerkannt;7133;Saarbruecken
Hochschule fuer Musik Saar;oeffentlich-rechtlich;501;Saarbruecken
Hochschule fuer Technik und Wirtschaft des Saarlandes;oeffentlich-rechtlich;5942;Saarbruecken
Universitaet des Saarlandes;oeffentlich-rechtlich;15949;Saarbruecken
Hochschule der Bildenden Kuenste Saar;oeffentlich-rechtlich;434;Saarbruecken
Fachhochschule der Verwaltung des Saarlandes;oeffentlich-rechtlich;802;Quierschied
Fachhochschule Polizei Sachsen-Anhalt;oeffentlich-rechtlich;705;Aschersleben
Hochschule der Saechsischen Polizei (FH);oeffentlich-rechtlich;640;Rothenburg
Hochschule fuer oeffentliche Verwaltung und Rechtspflege (FH), Fortbildungszentrum des Freistaates Sachsen (HSF);oeffentlich-rechtlich;1035;MeiÃen
Duale Hochschule Schleswig-Holstein - staatlich anerkannte Hochschule fuer angewandte Wissenschaften in Traegerschaft der Wirtschaftsakademie Schleswig-Holstein;privat, staatlich anerkannt;512;Kiel
Fachhochschule fuer Verwaltung und Dienstleistung in Schleswig-Holstein;oeffentlich-rechtlich;1716;Altenholz
Hochschule Schmalkalden;oeffentlich-rechtlich;2564;Schmalkalden
Hochschule fuer Gestaltung Schwaebisch Gmuend;oeffentlich-rechtlich;678;Schwaebisch Gmuend
Paedagogische Hochschule Schwaebisch Gmuend;oeffentlich-rechtlich;2780;Schwaebisch Gmuend
Universitaet Siegen;oeffentlich-rechtlich;15186;Siegen
Deutsche Universitaet fuer Verwaltungswissenschaften Speyer;oeffentlich-rechtlich;278;Speyer
Hochschule Stralsund;oeffentlich-rechtlich;2268;Stralsund
AKAD Hochschule Stuttgart - staatlich anerkannt;privat, staatlich anerkannt;6370;Stuttgart
Staatliche Akademie der Bildenden Kuenste Stuttgart;oeffentlich-rechtlich;801;Stuttgart
Duale Hochschule Baden-Wuerttemberg;oeffentlich-rechtlich;32647;Stuttgart
Hochschule fuer Technik Stuttgart;oeffentlich-rechtlich;3945;Stuttgart
Hochschule der Medien Stuttgart;oeffentlich-rechtlich;5513;Stuttgart
Hochschule fuer Kommunikation und Gestaltung;privat, staatlich anerkannt;59;Stuttgart
Staatliche Hochschule fuer Musik und Darstellende Kunst Stuttgart;oeffentlich-rechtlich;757;Stuttgart
Hochschule Macromedia - staatlich anerkannte Hochschule fuer angewandte Wissenschaften der Macromedia GmbH mit Sitz in Stuttgart;privat, staatlich anerkannt;5190;Stuttgart
media Akademie - Hochschule Stuttgart;privat, staatlich anerkannt;13;Stuttgart
Merz Akademie Hochschule fuer Gestaltung, Kunst und Medien, Stuttgart - Staatlich anerkannt;privat, staatlich anerkannt;208;Stuttgart
Universitaet Stuttgart;oeffentlich-rechtlich;21141;Stuttgart
Freie Hochschule Stuttgart - Seminar fuer Waldorfpaedagogik. Staatlich anerkannte wissenschaftliche Hochschule.;privat, staatlich anerkannt;304;Stuttgart
VWA-Hochschule fuer berufsbegleitendes Studium;privat, staatlich anerkannt;33;Stuttgart
Fachhochschule Suedwestfalen;oeffentlich-rechtlich;10995;Iserlohn
Thueringer Fachhochschule fuer oeffentliche Verwaltung;oeffentlich-rechtlich;641;Gotha
Hochschule Trier - Trier University of Applied Sciences;oeffentlich-rechtlich;6688;Trier
Theologische Fakultaet Trier;kirchlich, staatlich anerkannt;150;Trier
Universitaet Trier;oeffentlich-rechtlich;10518;Trier
Staatliche Hochschule fuer Musik Trossingen;oeffentlich-rechtlich;419;Trossingen
Hochschule fuer Kirchenmusik der Evangelischen Landeskirche in Wuerttemberg;kirchlich, staatlich anerkannt;19;Tuebingen
Eberhard Karls Universitaet Tuebingen;oeffentlich-rechtlich;28239;Tuebingen
Technische Hochschule Ulm;oeffentlich-rechtlich;2966;Ulm
Universitaet Ulm;oeffentlich-rechtlich;9978;Ulm
Vinzenz Pallotti University - kirchlich und staatlich anerkannte wissenschaftliche Hochschule in freier Traegerschaft;kirchlich, staatlich anerkannt;254;Vallendar
WHU - Otto Beisheim School of Management;privat, staatlich anerkannt;1961;Vallendar
Private Hochschule fuer Wirtschaft und Technik Vechta/Diepholz;privat, staatlich anerkannt;517;Vechta
Universitaet Vechta;oeffentlich-rechtlich;3714;Vechta
Fachhochschule Wedel;privat, staatlich anerkannt;1128;Wedel
Hochschule fuer angewandte Wissenschaften Weihenstephan-Triesdorf;oeffentlich-rechtlich;5692;Freising
Hochschule fuer Musik Franz Liszt Weimar;oeffentlich-rechtlich;752;Weimar
Bauhaus-Universitaet Weimar;oeffentlich-rechtlich;3955;Weimar
Paedagogische Hochschule Weingarten;oeffentlich-rechtlich;3307;Weingarten
Hochschule Weserbergland;privat, staatlich anerkannt;443;Hameln
Westfaelische Hochschule Gelsenkirchen, Bocholt, Recklinghausen;oeffentlich-rechtlich;7620;Gelsenkirchen
Fachhochschule Westkueste, Hochschule fuer Wirtschaft und Technik;oeffentlich-rechtlich;1572;Heide
Charlotte Fresenius Hochschule;privat, staatlich anerkannt;575;Wiesbaden
EBS Universitaet fuer Wirtschaft und Recht;privat, staatlich anerkannt;1719;Wiesbaden
Technische Hochschule Wildau;oeffentlich-rechtlich;3357;Wildau
Jade Hochschule -  Wilhelmshaven/Oldenburg/Elsfleth;oeffentlich-rechtlich;6399;Wilhelmshaven
Hochschule Wismar - University of Applied Sciences: Technology, Business and Design;oeffentlich-rechtlich;8048;Wismar
Private Universitaet Witten/Herdecke gGmbH;privat, staatlich anerkannt;3011;Witten
Hochschule Worms, University of Applied Sciences;oeffentlich-rechtlich;3391;Worms
Kirchliche Hochschule Wuppertal;kirchlich, staatlich anerkannt;177;Wuppertal
Bergische Universitaet Wuppertal;oeffentlich-rechtlich;21289;Wuppertal
Hochschule fuer Musik Wuerzburg;oeffentlich-rechtlich;530;Wuerzburg
Technische Hochschule Wuerzburg-Schweinfurt;oeffentlich-rechtlich;9250;Wuerzburg
Julius-Maximilians-Universitaet Wuerzburg;oeffentlich-rechtlich;26126;Wuerzburg
Hochschule Zittau/Goerlitz;oeffentlich-rechtlich;2532;Zittau
Westsaechsische Hochschule Zwickau;oeffentlich-rechtlich;2931;Zwickau
